add,count
安徽省合肥市蜀山区红枫路16号,2
安徽省合肥市蜀山区科学大道58号,2
安徽省合肥市蜀山区科学大道58号,6
北京市昌平区,6
北京市昌平区,1
北京市昌平区S216(G6辅路),1
北京市昌平区X026(中东路),1
北京市昌平区龙域东一路,1
北京市昌平区同成街,2
北京市朝阳区,2
北京市朝阳区,1
北京市朝阳区安立路,1
北京市朝阳区北苑路,2
北京市朝阳区东坝路,2
北京市朝阳区东坝路,1
北京市朝阳区公园东十巷64号,1
北京市朝阳区湖光桥,1
北京市朝阳区京通快速路,1
北京市朝阳区林萃路辅路,1
北京市朝阳区民族园路2号-南门,1
北京市朝阳区望京街8号院-3号-1,1
北京市大兴区,1
北京市大兴区黄徐路,1
北京市东城区香河园街1号院-北区-1,9
北京市丰台区,9
北京市丰台区,1
北京市丰台区北京南站路,1
北京市丰台区丰管路甲5号-1,1
北京市丰台区丰科路,1
北京市丰台区丰科路辅路,1
北京市丰台区广安路636号,1
北京市丰台区莲花池东路118号,1
北京市丰台区六圈路18号,12
北京市丰台区南大红门路1号38号楼,12
北京市丰台区南大红门路1号38号楼,2
北京市丰台区南大红门路21号-临时,2
北京市丰台区南大红门路21号-临时,4
北京市丰台区南大红门路临时19号,4
北京市丰台区南大红门路临时19号,1
北京市丰台区南四环西路188号-17区-12,2
北京市丰台区南四环西路188号-17区-5,2
北京市丰台区南四环西路188号-17区-5,1
北京市丰台区南四环西路188号-18区-1,1
北京市丰台区南四环西路辅路,1
北京市丰台区南四环中路,1
北京市丰台区外环西路,1
北京市丰台区西四环南路,1
北京市丰台区西四环南路35-1,1
北京市丰台区西站南路1-1号,79
北京市海淀区,79
北京市海淀区,2
北京市海淀区G7(航天城二桥),2
北京市海淀区G7(航天城二桥),1
北京市海淀区G7(箭亭桥),5
北京市海淀区G7(西二旗桥),5
北京市海淀区G7(西二旗桥),2
北京市海淀区北三环西路31-8号,2
北京市海淀区北三环西路31-8号,1
北京市海淀区北三环西路32号,1
北京市海淀区北三环西路64号,1
北京市海淀区北四环西路辅路,1
北京市海淀区北土城西路103号,1
北京市海淀区北土城西路207号,1
北京市海淀区成府路乙21号,2
北京市海淀区创业路1号,2
北京市海淀区创业路1号,1
北京市海淀区创业路1号9楼,1
北京市海淀区大钟寺东路2号,1
北京市海淀区大钟寺东路9,6
北京市海淀区邓庄南路,6
北京市海淀区邓庄南路,4
北京市海淀区邓庄南路9,4
北京市海淀区邓庄南路9,12
北京市海淀区东北旺路,12
北京市海淀区东北旺路,3
北京市海淀区东北旺路20号,3
北京市海淀区东北旺南路26号,3
北京市海淀区东北旺南路26号,5
北京市海淀区东北旺南路28-2号,5
北京市海淀区东北旺南路28-2号,19
北京市海淀区东北旺南路45号,19
北京市海淀区东北旺南路45号,10
北京市海淀区东北旺西路8号-5号楼-142-、143室,10
北京市海淀区东北旺西路8号-5号楼-142-、143室,1
北京市海淀区东北旺中路,2
北京市海淀区阜成路105号,2
北京市海淀区阜成路105号,1
北京市海淀区阜成路41号,1
北京市海淀区海淀大街17号,1
北京市海淀区海淀南路13号,1
北京市海淀区旱河路辅路,1
北京市海淀区建材城西路,1
北京市海淀区京包路,7
北京市海淀区开拓北路,7
北京市海淀区开拓北路,1
北京市海淀区开拓路甲1号,1
北京市海淀区科学院南路89号,1
北京市海淀区玲珑四巷20号,1
北京市海淀区马甸桥,12
北京市海淀区软件园二号路,12
北京市海淀区软件园二号路,21
北京市海淀区软件园六号路,21
北京市海淀区软件园六号路,2
北京市海淀区软件园一号路,2
北京市海淀区上地东路,2
北京市海淀区上地东路,1
北京市海淀区上地东路43号,1
北京市海淀区上地二街,82
北京市海淀区上地九街,82
北京市海淀区上地九街,10
北京市海淀区上地七街,10
北京市海淀区上地七街,2
北京市海淀区上地十街,2
北京市海淀区上地十街10,2
北京市海淀区上地十街10,31
北京市海淀区上地西路,31
北京市海淀区上地西路,8
北京市海淀区上地西路8号,8
北京市海淀区上地西路8号,4
北京市海淀区上地西路8号院-3号楼,4
北京市海淀区上地西路8号院-3号楼,31
北京市海淀区上地西路8号院-4号楼,31
北京市海淀区上地西路8号院-4号楼,1
北京市海淀区双榆树北路甲6号楼,1
北京市海淀区田村路15号,1
北京市海淀区万寿路甲15号院,2
北京市海淀区西翠路,2
北京市海淀区西翠路,1
北京市海淀区西翠路9,1
北京市海淀区西平庄路,2
北京市海淀区西三环北路74号,2
北京市海淀区西三环北路74号,1
北京市海淀区西三环北路82号院-5,1
北京市海淀区西三环中路3-1号,6
北京市海淀区西五道口2号楼,6
北京市海淀区西五道口2号楼,1
北京市海淀区信息路,1
北京市海淀区信息路1号院-2号楼,5
北京市海淀区信息路2号,5
北京市海淀区信息路2号,2
北京市海淀区信息路3号,2
北京市海淀区信息路4号,2
北京市海淀区信息路4号,3
北京市海淀区信息路7号-地下1层-d13号,3
北京市海淀区信息路7号-地下1层-d13号,1
北京市海淀区信息路甲28号,1
北京市海淀区杏石口路19号,1
北京市海淀区杏石口路24号,1
北京市海淀区学院路51号,1
北京市海淀区永定路39号,1
北京市海淀区永定路甲4号院-15号楼,1
北京市海淀区知春路143号,1
北京市海淀区知春路29号院-7-6,1
北京市海淀区知春路40号,1
北京市海淀区知春路42号,20
北京市海淀区知春路47号院-附1号,20
北京市海淀区知春路47号院-附1号,35
北京市海淀区知春路49号院-2号,35
北京市海淀区知春路49号院-2号,2
北京市海淀区知春路52号院-4号楼,2
北京市海淀区知春路52号院-4号楼,22
北京市海淀区知春路57号南楼,22
北京市海淀区知春路57号南楼,1
北京市海淀区知春路57号院,1
北京市海淀区知春路59-1号,13
北京市海淀区知春路59-2,13
北京市海淀区知春路59-2,4
北京市海淀区知春路59-2号,4
北京市海淀区知春路59-2号,184
北京市海淀区知春路59号,184
北京市海淀区知春路59号,9
北京市海淀区知春路59号-1层-东门,9
北京市海淀区知春路59号-1层-东门,1
北京市海淀区知春路59号3层,29
北京市海淀区知春路61号,29
北京市海淀区知春路61号,24
北京市海淀区知春路61号-9层,24
北京市海淀区知春路61号-9层,2
北京市海淀区知春路61号院,2
北京市海淀区知春路61号院,548
北京市海淀区知春路63,548
北京市海淀区知春路63,284
北京市海淀区知春路63号,284
北京市海淀区知春路63号,15
北京市海淀区知春路64号,15
北京市海淀区知春路65号,15
北京市海淀区知春路65号,75
北京市海淀区知春路66号,75
北京市海淀区知春路66号,15
北京市海淀区知春路67号,15
北京市海淀区知春路67号,131
北京市海淀区知春路68号,131
北京市海淀区知春路68号,98
北京市海淀区知春路69号,98
北京市海淀区知春路69号,66
北京市海淀区知春路70号,66
北京市海淀区知春路70号,123
北京市海淀区知春路71号,123
北京市海淀区知春路71号,8
北京市海淀区知春路72号,8
北京市海淀区知春路72号,22
北京市海淀区知春路74号,22
北京市海淀区知春路74号,6
北京市海淀区知春路76号,6
北京市海淀区知春路76号,2
北京市海淀区知春路76号2层,2
北京市海淀区知春路76号2层,72
北京市海淀区知春路78号,72
北京市海淀区知春路78号,3
北京市海淀区知春路79-附1号,3
北京市海淀区知春路79-附1号,181
北京市海淀区知春路80号,181
北京市海淀区知春路80号,19
北京市海淀区知春路82,19
北京市海淀区知春路82,25
北京市海淀区知春路82号院,25
北京市海淀区知春路82号院,5
北京市海淀区知春路82号院-10号,5
北京市海淀区知春路82号院-10号,7
北京市海淀区知春路88号,7
北京市海淀区知春路88号,4
北京市海淀区知春路甲18,4
北京市海淀区知春路甲18,31
北京市海淀区知春路甲18号,31
北京市海淀区知春路甲18号,7
北京市海淀区知春路甲63号,7
北京市海淀区知春路甲63号,2
北京市海淀区知春路乙18号,2
北京市海淀区知春路乙18号,1
北京市海淀区中关村北一条9号,18
北京市海淀区中关村东路100-1,18
北京市海淀区中关村东路100-1,3
北京市海淀区中关村东路100-附1号,3
北京市海淀区中关村东路100-附1号,2
北京市海淀区中关村东路102-11号,2
北京市海淀区中关村东路102-2号,2
北京市海淀区中关村东路102-2号,43
北京市海淀区中关村东路112号,43
北京市海淀区中关村东路112号,12
北京市海淀区中关村东路114号,12
北京市海淀区中关村东路114号,1
北京市海淀区中关村东路118-45号,1
北京市海淀区中关村东路32号,7
北京市海淀区中关村东路49号,7
北京市海淀区中关村东路49号,86
北京市海淀区中关村东路4号,86
北京市海淀区中关村东路4号,3
北京市海淀区中关村东路59附2号,3
北京市海淀区中关村东路59附2号,1
北京市海淀区中关村东路8-5号,1
北京市海淀区中关村东路94号,7
北京市海淀区中关村东路95号-南门,7
北京市海淀区中关村东路95号-南门,14
北京市海淀区中关村东路97号,14
北京市海淀区中关村东路97号,2
北京市海淀区中关村东路98号,2
北京市海淀区中关村东路98号,15
北京市海淀区中关村东路99号,15
北京市海淀区中关村东路99号,5
北京市海淀区中关村东路甲100,5
北京市海淀区中关村东路甲100,11
北京市海淀区中关村东路甲100号,11
北京市海淀区中关村东路甲100号,6
北京市海淀区中关村南路1012号B13室,6
北京市海淀区中关村南路1012号B13室,1
北京市海淀区中关村南三街18号,7
北京市海淀区中关村南四街18号,7
北京市海淀区中关村南四街18号,9
北京市海淀区中关村南五街,9
北京市海淀区中关村南五街,1
北京市海淀区中关村南一条6号,2
北京市海淀区子林街,2
北京市海淀区子林街,1
北京市海淀区紫竹院路174号,1
北京市海淀区紫竹院路68号,1
北京市门头沟区,1
北京市石景山区,1
北京市顺义区,1
北京市通州区G4501(大广高速),2
北京市通州区富河大街307号,2
北京市通州区富河大街307号,1
北京市通州区商通大道,1
北京市通州区通顺路辅路,1
北京市通州区榆东一街,1
北京市通州区玉桥中路124,1
北京市西城区复兴门外大街15号,2
北京市西城区黄寺大街26号院2,2
北京市西城区黄寺大街26号院2,1
北京市西城区黄寺大街甲23-3号,1
北京市西城区马甸桥,1
北京市西城区文津街甲11号,1
北京市西城区西直门南大街15号楼101-102室,1
北京市西城区中华路4号,1
广西壮族自治区桂林市七星区金鸡路,2
广西壮族自治区桂林市七星区金鸡路21号,2
广西壮族自治区桂林市七星区金鸡路21号,1
广西壮族自治区桂林市七星区金鸡路34,1
河北省保定市定州市,1
河北省廊坊市安次区,1
河北省石家庄市桥西区民族路75号,1
河北省石家庄市桥西区西二环北路12号,3
河北省石家庄市桥西区西二环北路1号,3
河北省石家庄市桥西区西二环北路1号,1
河北省石家庄市桥西区中山西路456号,1
河北省石家庄市桥西区中山西路579号,1
河北省石家庄市桥西区中山西路657号,1
河南省新乡市卫滨区,1
吉林省长春市二道区,18
吉林省长春市南关区,18
吉林省长春市南关区,1
吉林省长春市南关区世纪大街1567,1
江苏省南京市江宁区建衡路,1
江苏省南京市玄武区花园路1-68号,1
江苏省南京市玄武区明故宫路20号,1
江苏省南京市玄武区中山东路3112号,1
江苏省南京市雨花台区玉兰路98号,1
江苏省徐州市沛县,2
江苏省扬州市高邮市傅公桥路,2
江苏省扬州市高邮市傅公桥路,1
江苏省扬州市高邮市人民路357号,1
江苏省扬州市邗江区邗江中路281号,2
辽宁省沈阳市铁西区北二中路13号,2
辽宁省沈阳市铁西区北二中路13号,1
辽宁省沈阳市铁西区景星北街28号,1
山东省德州市陵城区S315,1
山东省潍坊市青州市,4
山东省烟台市莱山区港城东大街,4
山东省烟台市莱山区港城东大街,1
山东省烟台市莱山区孔家滩一街75号,1
山东省枣庄市薛城区S347,1
陕西省西安市灞桥区电厂东路28号,1
陕西省西安市灞桥区纺渭路,2
陕西省西安市灞桥区沁水路,2
陕西省西安市灞桥区沁水路,1
陕西省西安市灞桥区咸宁东路391-3号,1
陕西省西安市灞桥区长乐东路10号,1
陕西省西安市碑林区东关南街56号,1
陕西省西安市碑林区咸宁中路120号,1
陕西省西安市临潼区书院东街3号,2
陕西省西安市新城区,2
陕西省西安市新城区,1
陕西省西安市新城区环城北路48,1
陕西省西安市新城区交大商业街区长乐中路66号,1
陕西省西安市新城区咸宁东路452号,1
陕西省西安市新城区咸宁东路494-1号,1
陕西省西安市新城区新科路32号,1
陕西省西安市新城区长乐中路108号,1
陕西省西安市新城区长乐中路85号,1
陕西省西安市雁塔区东月路,1
陕西省西安市雁塔区幸福南路2号,1
陕西省西安市长安区西部大道60号,5
陕西省西安市长安区西部大道辅路,5
陕西省西安市长安区西部大道辅路,1
上海市虹口区赤峰路696号,1
上海市虹口区广纪路119号,1
上海市虹口区广纪路123号,1
上海市虹口区广纪路125号,5
上海市虹口区广纪路127号,5
上海市虹口区广纪路127号,1
上海市虹口区广纪路159号,1
上海市虹口区水电路549号,1
上海市虹口区玉田路486号,1
上海市虹口区玉田路500号,1
上海市虹口区玉田路558号,1
上海市虹口区玉田路562号,1
上海市虹口区玉田路564号,1
上海市虹口区中山北一路435号,1
上海市虹口区中山北一路658号,1
上海市嘉定区城中路41号,1
上海市嘉定区清河路148号,1
上海市嘉定区清河路150号-1号楼-7楼,1
上海市嘉定区温宿路90,1
上海市静安区汶水路27号-临,1
上海市静安区汶水路33号,2
上海市闵行区,2
上海市闵行区,1
上海市闵行区北翟路5118号,1
上海市闵行区老北翟路4496号,2
上海市浦东新区科苑路,2
上海市浦东新区科苑路,1
上海市浦东新区张衡路500弄-6号,1
上海市浦东新区张衡路528,1
上海市青浦区嘉松中路,2
上海市松江区X321(泗陈公路),2
上海市松江区X321(泗陈公路),1
上海市松江区鼓浪路711号,1
上海市松江区横港路643号,1
上海市松江区沪松公路2087号,4
上海市松江区刘五公路,4
上海市松江区刘五公路,1
上海市松江区泗陈公路388号,1
上海市松江区泗陈公路518弄-9号,1
上海市松江区泗通路,1
上海市长宁区昭化路62号,1
四川省成都市青羊区泡桐树街7号附7号,1
四川省成都市双流区京昆线辅路,1
四川省成都市武侯区倪家桥路12号附7号,1
四川省成都市武侯区新希望路8号,1
四川省成都市武侯区玉洁巷1-5号,1
四川省成都市武侯区玉林东街16号-附15号,1
四川省成都市武侯区玉林横街1-2号,4
四川省成都市武侯区玉林中路8巷12号,4
四川省成都市武侯区玉林中路8巷12号,7
四川省资阳市雁江区,7
四川省资阳市雁江区,1
四川省资阳市雁江区上西后街129号,1
天津市东丽区S318(先锋路),1
天津市东丽区S51(宁静高速),1
天津市武清区G104(福发路),0
